filename,width,height,class,xmin,ymin,xmax,ymax
01_missing_hole_01,3034,1586,Missing_hole,2459,1274,2529,1328
01_missing_hole_01,3034,1586,Missing_hole,1613,334,1678,396
01_missing_hole_01,3034,1586,Missing_hole,1726,793,1797,853
01_missing_hole_02,3034,1586,Missing_hole,2584,232,2650,297
01_missing_hole_02,3034,1586,Missing_hole,2366,803,2406,859
01_missing_hole_02,3034,1586,Missing_hole,1506,802,1559,856
01_missing_hole_05,3034,1586,Missing_hole,279,294,352,374
01_missing_hole_05,3034,1586,Missing_hole,1067,1051,1109,1107
01_missing_hole_05,3034,1586,Missing_hole,1613,391,1677,459
01_missing_hole_06,3034,1586,Missing_hole,1445,479,1504,541
01_missing_hole_06,3034,1586,Missing_hole,1326,1203,1386,1268
01_missing_hole_06,3034,1586,Missing_hole,2070,799,2140,859
01_missing_hole_07,3034,1586,Missing_hole,1736,340,1792,394
01_missing_hole_07,3034,1586,Missing_hole,1389,1041,1470,1121
01_missing_hole_07,3034,1586,Missing_hole,2579,238,2648,294
01_missing_hole_08,3034,1586,Missing_hole,2756,699,2816,766
01_missing_hole_08,3034,1586,Missing_hole,2636,1336,2700,1390
01_missing_hole_08,3034,1586,Missing_hole,482,1125,539,1183
01_missing_hole_09,3034,1586,Missing_hole,1221,619,1292,688
01_missing_hole_09,3034,1586,Missing_hole,482,1117,539,1179
01_missing_hole_09,3034,1586,Missing_hole,162,482,222,542
01_missing_hole_10,3034,1586,Missing_hole,1624,401,1672,453
01_missing_hole_10,3034,1586,Missing_hole,330,750,387,816
01_missing_hole_10,3034,1586,Missing_hole,866,622,914,681
01_missing_hole_11,3034,1586,Missing_hole,2073,684,2146,751
01_missing_hole_11,3034,1586,Missing_hole,1500,735,1558,799
01_missing_hole_11,3034,1586,Missing_hole,481,843,561,916
01_missing_hole_12,3034,1586,Missing_hole,1062,1046,1117,1112
01_missing_hole_12,3034,1586,Missing_hole,2632,932,2701,989
01_missing_hole_12,3034,1586,Missing_hole,2459,1219,2528,1275
01_missing_hole_13,3034,1586,Missing_hole,1384,295,1459,361
01_missing_hole_13,3034,1586,Missing_hole,1340,737,1397,801
01_missing_hole_13,3034,1586,Missing_hole,707,619,767,683
01_missing_hole_14,3034,1586,Missing_hole,2294,640,2358,712
01_missing_hole_14,3034,1586,Missing_hole,159,750,219,812
01_missing_hole_14,3034,1586,Missing_hole,863,623,917,679
01_missing_hole_17,3034,1586,Missing_hole,917,292,984,369
01_missing_hole_17,3034,1586,Missing_hole,480,1122,538,1190
01_missing_hole_17,3034,1586,Missing_hole,1724,1082,1789,1146
01_missing_hole_18,3034,1586,Missing_hole,2188,914,2250,980
01_missing_hole_18,3034,1586,Missing_hole,1159,1199,1219,1253
01_missing_hole_18,3034,1586,Missing_hole,1731,1151,1791,1203
01_missing_hole_19,3034,1586,Missing_hole,1394,737,1450,802
01_missing_hole_19,3034,1586,Missing_hole,339,752,388,814
01_missing_hole_19,3034,1586,Missing_hole,167,572,227,638
01_missing_hole_20,3034,1586,Missing_hole,2634,1102,2694,1160
01_missing_hole_20,3034,1586,Missing_hole,228,574,275,628
01_missing_hole_20,3034,1586,Missing_hole,2527,227,2587,302
04_missing_hole_01,3056,2464,Missing_hole,2138,752,2188,823
04_missing_hole_01,3056,2464,Missing_hole,2117,1590,2171,1646
04_missing_hole_01,3056,2464,Missing_hole,1401,954,1463,1032
04_missing_hole_02,3056,2464,Missing_hole,1876,757,1929,815
04_missing_hole_02,3056,2464,Missing_hole,997,758,1054,816
04_missing_hole_02,3056,2464,Missing_hole,1228,1771,1284,1841
04_missing_hole_05,3056,2464,Missing_hole,1344,1092,1394,1150
04_missing_hole_05,3056,2464,Missing_hole,1816,858,1882,921
04_missing_hole_05,3056,2464,Missing_hole,1888,357,1946,417
04_missing_hole_06,3056,2464,Missing_hole,1173,620,1231,694
04_missing_hole_06,3056,2464,Missing_hole,1460,376,1518,441
04_missing_hole_06,3056,2464,Missing_hole,2170,341,2238,419
04_missing_hole_07,3056,2464,Missing_hole,1744,964,1811,1031
04_missing_hole_07,3056,2464,Missing_hole,1939,345,2011,418
04_missing_hole_07,3056,2464,Missing_hole,2616,339,2683,424
04_missing_hole_08,3056,2464,Missing_hole,1967,1177,2047,1253
04_missing_hole_08,3056,2464,Missing_hole,1343,1430,1401,1502
04_missing_hole_08,3056,2464,Missing_hole,1741,1428,1805,1504
04_missing_hole_09,3056,2464,Missing_hole,2487,1245,2580,1343
04_missing_hole_09,3056,2464,Missing_hole,1174,1307,1229,1380
04_missing_hole_09,3056,2464,Missing_hole,714,1403,767,1480
04_missing_hole_12,3056,2464,Missing_hole,1650,749,1721,825
04_missing_hole_12,3056,2464,Missing_hole,326,801,401,863
04_missing_hole_12,3056,2464,Missing_hole,177,1143,250,1212
04_missing_hole_13,3056,2464,Missing_hole,710,1921,772,1985
04_missing_hole_13,3056,2464,Missing_hole,658,1409,712,1472
04_missing_hole_13,3056,2464,Missing_hole,177,453,255,524
04_missing_hole_14,3056,2464,Missing_hole,1120,1923,1172,1987
04_missing_hole_14,3056,2464,Missing_hole,890,1404,943,1475
04_missing_hole_14,3056,2464,Missing_hole,336,1141,393,1208
04_missing_hole_15,3056,2464,Missing_hole,1285,1540,1347,1596
04_missing_hole_15,3056,2464,Missing_hole,1687,1653,1748,1715
04_missing_hole_15,3056,2464,Missing_hole,656,956,714,1038
04_missing_hole_16,3056,2464,Missing_hole,1176,761,1229,815
04_missing_hole_16,3056,2464,Missing_hole,1230,1537,1288,1599
04_missing_hole_16,3056,2464,Missing_hole,829,502,886,566
04_missing_hole_17,3056,2464,Missing_hole,1348,1303,1401,1372
04_missing_hole_17,3056,2464,Missing_hole,651,1410,715,1468
04_missing_hole_17,3056,2464,Missing_hole,1514,1654,1575,1714
04_missing_hole_18,3056,2464,Missing_hole,1341,1430,1400,1501
04_missing_hole_18,3056,2464,Missing_hole,882,956,944,1027
04_missing_hole_18,3056,2464,Missing_hole,1283,1776,1344,1844
04_missing_hole_19,3056,2464,Missing_hole,1287,1535,1340,1601
04_missing_hole_19,3056,2464,Missing_hole,1517,1647,1571,1715
04_missing_hole_19,3056,2464,Missing_hole,2110,1590,2173,1649
04_missing_hole_20,3056,2464,Missing_hole,1635,1430,1688,1502
04_missing_hole_20,3056,2464,Missing_hole,1053,1410,1106,1471
04_missing_hole_20,3056,2464,Missing_hole,2109,1471,2176,1537
05_missing_hole_01,2544,2156,Missing_hole,1103,566,1174,622
05_missing_hole_01,2544,2156,Missing_hole,1520,965,1569,1026
05_missing_hole_01,2544,2156,Missing_hole,1336,1659,1386,1714
05_missing_hole_02,2544,2156,Missing_hole,1931,546,1993,612
05_missing_hole_02,2544,2156,Missing_hole,1835,1091,1885,1148
05_missing_hole_02,2544,2156,Missing_hole,1057,370,1114,428
05_missing_hole_03,2544,2156,Missing_hole,1117,243,1178,309
05_missing_hole_03,2544,2156,Missing_hole,2050,820,2089,873
05_missing_hole_03,2544,2156,Missing_hole,1102,1023,1175,1079
05_missing_hole_03,2544,2156,Missing_hole,220,736,286,797
05_missing_hole_03,2544,2156,Missing_hole,1449,1317,1513,1376
05_missing_hole_04,2544,2156,Missing_hole,1101,623,1170,684
05_missing_hole_04,2544,2156,Missing_hole,375,1017,445,1087
05_missing_hole_04,2544,2156,Missing_hole,908,1767,977,1829
05_missing_hole_04,2544,2156,Missing_hole,1834,1095,1884,1149
05_missing_hole_04,2544,2156,Missing_hole,1449,796,1519,857
05_missing_hole_05,2544,2156,Missing_hole,1830,1269,1894,1323
05_missing_hole_05,2544,2156,Missing_hole,1450,1137,1511,1193
05_missing_hole_05,2544,2156,Missing_hole,1488,1787,1539,1856
05_missing_hole_05,2544,2156,Missing_hole,2030,1881,2093,1945
05_missing_hole_05,2544,2156,Missing_hole,2188,1584,2246,1644
05_missing_hole_06,2544,2156,Missing_hole,1670,1071,1724,1124
05_missing_hole_06,2544,2156,Missing_hole,1103,1478,1163,1543
05_missing_hole_06,2544,2156,Missing_hole,218,1020,280,1084
05_missing_hole_06,2544,2156,Missing_hole,1560,146,1624,206
05_missing_hole_06,2544,2156,Missing_hole,2274,1691,2325,1742
05_missing_hole_07,2544,2156,Missing_hole,1109,620,1162,677
05_missing_hole_07,2544,2156,Missing_hole,1373,352,1443,415
05_missing_hole_07,2544,2156,Missing_hole,1852,314,1917,386
05_missing_hole_07,2544,2156,Missing_hole,2027,186,2102,258
05_missing_hole_07,2544,2156,Missing_hole,1035,1249,1090,1315
05_missing_hole_08,2544,2156,Missing_hole,1722,1073,1777,1122
05_missing_hole_08,2544,2156,Missing_hole,1980,813,2040,872
05_missing_hole_08,2544,2156,Missing_hole,1538,1465,1602,1515
05_missing_hole_08,2544,2156,Missing_hole,2060,1265,2119,1323
05_missing_hole_08,2544,2156,Missing_hole,1651,797,1709,848
05_missing_hole_09,2544,2156,Missing_hole,1602,1792,1658,1849
05_missing_hole_09,2544,2156,Missing_hole,2302,1584,2364,1644
05_missing_hole_09,2544,2156,Missing_hole,1085,1803,1144,1860
05_missing_hole_09,2544,2156,Missing_hole,1308,1955,1379,2026
05_missing_hole_09,2544,2156,Missing_hole,223,1763,287,1834
05_missing_hole_10,2544,2156,Missing_hole,1904,1414,1963,1477
05_missing_hole_10,2544,2156,Missing_hole,1452,1428,1513,1481
05_missing_hole_10,2544,2156,Missing_hole,1103,1366,1168,1431
05_missing_hole_10,2544,2156,Missing_hole,366,217,440,281
05_missing_hole_10,2544,2156,Missing_hole,216,623,286,681
06_missing_hole_01,2868,2316,Missing_hole,1442,854,1493,901
06_missing_hole_01,2868,2316,Missing_hole,1331,1150,1382,1212
06_missing_hole_01,2868,2316,Missing_hole,1786,1373,1836,1426
06_missing_hole_01,2868,2316,Missing_hole,1062,1414,1127,1469
06_missing_hole_01,2868,2316,Missing_hole,583,1228,634,1274
06_missing_hole_02,2868,2316,Missing_hole,1614,973,1673,1036
06_missing_hole_02,2868,2316,Missing_hole,2103,1658,2180,1730
06_missing_hole_02,2868,2316,Missing_hole,2428,1317,2489,1380
06_missing_hole_02,2868,2316,Missing_hole,238,1674,318,1739
06_missing_hole_02,2868,2316,Missing_hole,1154,1814,1212,1871
06_missing_hole_03,2868,2316,Missing_hole,1528,394,1588,446
06_missing_hole_03,2868,2316,Missing_hole,709,767,798,840
06_missing_hole_03,2868,2316,Missing_hole,1093,976,1155,1044
06_missing_hole_03,2868,2316,Missing_hole,242,897,305,959
06_missing_hole_03,2868,2316,Missing_hole,603,202,652,246
06_missing_hole_04,2868,2316,Missing_hole,920,542,966,592
06_missing_hole_04,2868,2316,Missing_hole,725,923,788,976
06_missing_hole_04,2868,2316,Missing_hole,315,1484,380,1543
06_missing_hole_04,2868,2316,Missing_hole,1154,1472,1212,1529
06_missing_hole_04,2868,2316,Missing_hole,1350,1955,1401,2007
06_missing_hole_05,2868,2316,Missing_hole,1276,725,1345,788
06_missing_hole_05,2868,2316,Missing_hole,807,1156,863,1207
06_missing_hole_05,2868,2316,Missing_hole,1214,1154,1265,1210
06_missing_hole_05,2868,2316,Missing_hole,2212,1283,2273,1342
06_missing_hole_05,2868,2316,Missing_hole,1676,1815,1733,1878
06_missing_hole_06,2868,2316,Missing_hole,805,541,859,589
06_missing_hole_06,2868,2316,Missing_hole,2213,1374,2284,1439
06_missing_hole_06,2868,2316,Missing_hole,588,1292,638,1348
06_missing_hole_06,2868,2316,Missing_hole,1619,1321,1666,1383
06_missing_hole_06,2868,2316,Missing_hole,237,897,310,961
06_missing_hole_07,2868,2316,Missing_hole,1603,1148,1673,1216
06_missing_hole_08,2868,2316,Missing_hole,1441,1149,1497,1205
06_missing_hole_08,2868,2316,Missing_hole,1092,1149,1159,1211
06_missing_hole_08,2868,2316,Missing_hole,1009,849,1073,914
06_missing_hole_08,2868,2316,Missing_hole,856,196,912,252
06_missing_hole_08,2868,2316,Missing_hole,242,1163,314,1221
06_missing_hole_09,2868,2316,Missing_hole,1159,722,1231,783
06_missing_hole_09,2868,2316,Missing_hole,1734,614,1803,677
06_missing_hole_09,2868,2316,Missing_hole,1093,1149,1149,1202
06_missing_hole_09,2868,2316,Missing_hole,1665,1319,1732,1380
06_missing_hole_09,2868,2316,Missing_hole,2212,1500,2276,1561
06_missing_hole_10,2868,2316,Missing_hole,1279,723,1342,790
06_missing_hole_10,2868,2316,Missing_hole,840,682,904,741
06_missing_hole_10,2868,2316,Missing_hole,1092,977,1156,1043
06_missing_hole_10,2868,2316,Missing_hole,1043,1470,1098,1532
07_missing_hole_01,2904,1921,Missing_hole,570,300,649,385
07_missing_hole_02,2904,1921,Missing_hole,1117,200,1191,265
07_missing_hole_02,2904,1921,Missing_hole,1702,337,1784,405
07_missing_hole_02,2904,1921,Missing_hole,1202,1032,1270,1119
07_missing_hole_02,2904,1921,Missing_hole,283,1070,402,1184
07_missing_hole_02,2904,1921,Missing_hole,1548,1446,1616,1548
07_missing_hole_03,2904,1921,Missing_hole,1686,517,1769,602
07_missing_hole_03,2904,1921,Missing_hole,1855,287,1939,356
07_missing_hole_03,2904,1921,Missing_hole,1089,754,1167,828
07_missing_hole_03,2904,1921,Missing_hole,846,1027,927,1117
07_missing_hole_03,2904,1921,Missing_hole,2106,1028,2180,1126
07_missing_hole_04,2904,1921,Missing_hole,2031,509,2110,600
07_missing_hole_04,2904,1921,Missing_hole,2679,351,2755,438
07_missing_hole_04,2904,1921,Missing_hole,2666,770,2757,862
07_missing_hole_04,2904,1921,Missing_hole,1539,1034,1629,1124
07_missing_hole_04,2904,1921,Missing_hole,919,1023,998,1118
07_missing_hole_05,2904,1921,Missing_hole,1305,513,1387,600
07_missing_hole_05,2904,1921,Missing_hole,874,758,952,831
07_missing_hole_05,2904,1921,Missing_hole,1240,722,1311,807
07_missing_hole_05,2904,1921,Missing_hole,565,299,653,390
07_missing_hole_05,2904,1921,Missing_hole,431,551,510,639
07_missing_hole_06,2904,1921,Missing_hole,950,294,1018,363
07_missing_hole_06,2904,1921,Missing_hole,1231,507,1316,598
07_missing_hole_06,2904,1921,Missing_hole,1696,329,1790,417
07_missing_hole_07,2904,1921,Missing_hole,2110,726,2187,813
07_missing_hole_07,2904,1921,Missing_hole,1850,358,1938,455
07_missing_hole_08,2904,1921,Missing_hole,1237,717,1320,808
07_missing_hole_08,2904,1921,Missing_hole,949,757,1022,828
07_missing_hole_08,2904,1921,Missing_hole,1338,1031,1417,1117
07_missing_hole_08,2904,1921,Missing_hole,2033,515,2112,601
07_missing_hole_08,2904,1921,Missing_hole,2451,357,2527,439
07_missing_hole_09,2904,1921,Missing_hole,1642,434,1727,508
07_missing_hole_09,2904,1921,Missing_hole,850,1023,926,1111
07_missing_hole_09,2904,1921,Missing_hole,1130,1028,1205,1116
07_missing_hole_09,2904,1921,Missing_hole,2172,1445,2255,1543
07_missing_hole_09,2904,1921,Missing_hole,1402,1445,1485,1535
07_missing_hole_10,2904,1921,Missing_hole,2047,290,2133,374
07_missing_hole_10,2904,1921,Missing_hole,2045,735,2112,790
07_missing_hole_10,2904,1921,Missing_hole,1376,519,1455,594
07_missing_hole_10,2904,1921,Missing_hole,737,553,844,641
07_missing_hole_10,2904,1921,Missing_hole,422,543,513,637
08_missing_hole_01,2759,2154,Missing_hole,2325,1193,2378,1252
08_missing_hole_01,2759,2154,Missing_hole,1995,1602,2060,1669
08_missing_hole_01,2759,2154,Missing_hole,1169,1734,1233,1805
08_missing_hole_01,2759,2154,Missing_hole,1245,745,1309,807
08_missing_hole_06,2759,2154,Missing_hole,1100,1450,1169,1512
08_missing_hole_06,2759,2154,Missing_hole,1878,750,1937,809
08_missing_hole_06,2759,2154,Missing_hole,1727,2000,1791,2067
08_missing_hole_07,2759,2154,Missing_hole,1875,1035,1940,1097
08_missing_hole_07,2759,2154,Missing_hole,2128,941,2199,1020
08_missing_hole_08,2759,2154,Missing_hole,2609,1219,2668,1274
08_missing_hole_08,2759,2154,Missing_hole,2122,1425,2191,1496
08_missing_hole_08,2759,2154,Missing_hole,616,744,680,805
08_missing_hole_09,2759,2154,Missing_hole,965,746,1029,805
08_missing_hole_09,2759,2154,Missing_hole,822,1033,888,1097
08_missing_hole_09,2759,2154,Missing_hole,1657,1449,1724,1520
08_missing_hole_09,2759,2154,Missing_hole,1996,1605,2060,1664
08_missing_hole_09,2759,2154,Missing_hole,1719,544,1786,604
08_missing_hole_10,2759,2154,Missing_hole,1875,1036,1937,1092
08_missing_hole_10,2759,2154,Missing_hole,821,1443,885,1512
08_missing_hole_10,2759,2154,Missing_hole,237,633,304,687
08_missing_hole_10,2759,2154,Missing_hole,2290,1639,2344,1702
08_missing_hole_10,2759,2154,Missing_hole,1948,1381,1988,1422
09_missing_hole_01,2775,2159,Missing_hole,2025,498,2086,564
09_missing_hole_01,2775,2159,Missing_hole,2335,986,2398,1042
09_missing_hole_01,2775,2159,Missing_hole,2231,1877,2307,1944
09_missing_hole_01,2775,2159,Missing_hole,1186,1700,1239,1753
09_missing_hole_01,2775,2159,Missing_hole,1122,1059,1186,1121
09_missing_hole_02,2775,2159,Missing_hole,777,639,836,703
09_missing_hole_02,2775,2159,Missing_hole,1194,642,1258,707
09_missing_hole_02,2775,2159,Missing_hole,386,1445,452,1507
09_missing_hole_02,2775,2159,Missing_hole,2466,1550,2535,1622
09_missing_hole_02,2775,2159,Missing_hole,911,352,980,413
09_missing_hole_03,2775,2159,Missing_hole,1542,357,1611,421
09_missing_hole_03,2775,2159,Missing_hole,1896,645,1960,719
09_missing_hole_03,2775,2159,Missing_hole,563,1057,629,1118
09_missing_hole_03,2775,2159,Missing_hole,199,637,276,704
09_missing_hole_03,2775,2159,Missing_hole,1833,96,1900,157
09_missing_hole_04,2775,2159,Missing_hole,1119,356,1194,413
09_missing_hole_04,2775,2159,Missing_hole,567,1057,625,1118
09_missing_hole_04,2775,2159,Missing_hole,844,1340,903,1408
09_missing_hole_04,2775,2159,Missing_hole,2148,1153,2212,1222
09_missing_hole_04,2775,2159,Missing_hole,2151,673,2215,739
09_missing_hole_04,2775,2159,Missing_hole,1328,1059,1395,1125
09_missing_hole_05,2775,2159,Missing_hole,1263,645,1324,696
09_missing_hole_05,2775,2159,Missing_hole,201,710,265,767
09_missing_hole_05,2775,2159,Missing_hole,2624,753,2688,817
09_missing_hole_05,2775,2159,Missing_hole,2024,504,2078,555
09_missing_hole_05,2775,2159,Missing_hole,1732,1555,1790,1612
09_missing_hole_06,2775,2159,Missing_hole,1412,648,1462,698
09_missing_hole_07,2775,2159,Missing_hole,199,572,266,627
09_missing_hole_07,2775,2159,Missing_hole,1473,1059,1530,1121
09_missing_hole_07,2775,2159,Missing_hole,2472,881,2543,941
09_missing_hole_07,2775,2159,Missing_hole,1609,642,1676,712
09_missing_hole_07,2775,2159,Missing_hole,846,1343,901,1400
09_missing_hole_07,2775,2159,Missing_hole,2187,100,2245,163
09_missing_hole_08,2775,2159,Missing_hole,638,352,699,409
09_missing_hole_08,2775,2159,Missing_hole,176,1107,233,1165
09_missing_hole_08,2775,2159,Missing_hole,1265,1062,1322,1121
09_missing_hole_08,2775,2159,Missing_hole,256,1448,308,1510
09_missing_hole_09,2775,2159,Missing_hole,1197,642,1255,702
09_missing_hole_10,2775,2159,Missing_hole,1193,643,1255,707
09_missing_hole_10,2775,2159,Missing_hole,1544,356,1613,425
09_missing_hole_10,2775,2159,Missing_hole,1332,1061,1393,1124
09_missing_hole_10,2775,2159,Missing_hole,2007,1551,2071,1615
09_missing_hole_10,2775,2159,Missing_hole,566,635,627,704
10_missing_hole_01,2240,2016,Missing_hole,1345,676,1478,788
10_missing_hole_01,2240,2016,Missing_hole,1906,489,1981,571
10_missing_hole_01,2240,2016,Missing_hole,1963,651,2053,726
10_missing_hole_01,2240,2016,Missing_hole,1794,1144,1891,1234
10_missing_hole_01,2240,2016,Missing_hole,1017,1270,1110,1350
10_missing_hole_02,2240,2016,Missing_hole,945,691,1052,779
10_missing_hole_02,2240,2016,Missing_hole,588,783,717,892
10_missing_hole_02,2240,2016,Missing_hole,908,1085,1003,1164
10_missing_hole_02,2240,2016,Missing_hole,1419,1112,1491,1173
10_missing_hole_02,2240,2016,Missing_hole,2013,1350,2084,1431
10_missing_hole_03,2240,2016,Missing_hole,1300,335,1363,399
10_missing_hole_04,2240,2016,Missing_hole,1340,1480,1407,1546
10_missing_hole_04,2240,2016,Missing_hole,1659,1163,1743,1257
10_missing_hole_04,2240,2016,Missing_hole,2013,944,2088,1020
10_missing_hole_04,2240,2016,Missing_hole,1910,1567,1987,1635
10_missing_hole_05,2240,2016,Missing_hole,1062,507,1153,591
10_missing_hole_05,2240,2016,Missing_hole,1632,258,1727,348
10_missing_hole_05,2240,2016,Missing_hole,940,691,1061,782
10_missing_hole_05,2240,2016,Missing_hole,1330,1637,1414,1714
10_missing_hole_05,2240,2016,Missing_hole,109,1795,222,1913
11_missing_hole_01,2282,2248,Missing_hole,756,438,828,525
11_missing_hole_01,2282,2248,Missing_hole,1227,595,1306,673
11_missing_hole_01,2282,2248,Missing_hole,1424,773,1511,862
11_missing_hole_01,2282,2248,Missing_hole,1436,1266,1506,1359
11_missing_hole_01,2282,2248,Missing_hole,1195,1747,1275,1831
11_missing_hole_02,2282,2248,Missing_hole,1157,222,1255,313
11_missing_hole_02,2282,2248,Missing_hole,1025,959,1096,1054
11_missing_hole_02,2282,2248,Missing_hole,1434,1259,1506,1362
11_missing_hole_02,2282,2248,Missing_hole,511,1265,585,1356
11_missing_hole_02,2282,2248,Missing_hole,1593,1861,1668,1958
11_missing_hole_03,2282,2248,Missing_hole,1419,447,1516,538
11_missing_hole_03,2282,2248,Missing_hole,952,747,1045,829
11_missing_hole_03,2282,2248,Missing_hole,293,740,388,824
11_missing_hole_03,2282,2248,Missing_hole,717,970,778,1044
11_missing_hole_03,2282,2248,Missing_hole,619,1441,681,1525
11_missing_hole_04,2282,2248,Missing_hole,410,747,476,812
11_missing_hole_04,2282,2248,Missing_hole,1553,682,1639,757
11_missing_hole_04,2282,2248,Missing_hole,1420,1466,1501,1552
11_missing_hole_04,2282,2248,Missing_hole,863,1747,935,1839
11_missing_hole_04,2282,2248,Missing_hole,115,1775,254,1915
11_missing_hole_05,2282,2248,Missing_hole,1755,1749,1834,1841
11_missing_hole_05,2282,2248,Missing_hole,1416,1744,1498,1832
11_missing_hole_05,2282,2248,Missing_hole,2021,1806,2121,1899
11_missing_hole_05,2282,2248,Missing_hole,860,1749,939,1837
11_missing_hole_05,2282,2248,Missing_hole,1144,1867,1216,1952
11_missing_hole_06,2282,2248,Missing_hole,1075,862,1150,940
11_missing_hole_06,2282,2248,Missing_hole,1161,729,1242,825
11_missing_hole_06,2282,2248,Missing_hole,1506,868,1586,946
11_missing_hole_06,2282,2248,Missing_hole,819,1268,895,1360
11_missing_hole_07,2282,2248,Missing_hole,1329,968,1406,1048
11_missing_hole_07,2282,2248,Missing_hole,511,961,591,1038
11_missing_hole_08,2282,2248,Missing_hole,1128,1282,1192,1353
11_missing_hole_08,2282,2248,Missing_hole,1432,962,1506,1047
11_missing_hole_08,2282,2248,Missing_hole,721,967,786,1047
11_missing_hole_09,2282,2248,Missing_hole,856,224,936,313
11_missing_hole_09,2282,2248,Missing_hole,912,593,983,673
11_missing_hole_09,2282,2248,Missing_hole,1548,551,1637,636
11_missing_hole_09,2282,2248,Missing_hole,712,1265,793,1349
11_missing_hole_09,2282,2248,Missing_hole,1301,1749,1388,1834
11_missing_hole_10,2282,2248,Missing_hole,1416,1468,1506,1549
11_missing_hole_10,2282,2248,Missing_hole,611,1449,686,1522
12_missing_hole_01,2529,2530,Missing_hole,2218,982,2278,1044
12_missing_hole_01,2529,2530,Missing_hole,1647,1964,1698,2026
12_missing_hole_02,2529,2530,Missing_hole,2219,1089,2274,1145
12_missing_hole_02,2529,2530,Missing_hole,1089,1711,1147,1774
12_missing_hole_04,2529,2530,Missing_hole,1288,1325,1337,1380
12_missing_hole_04,2529,2530,Missing_hole,1493,1412,1546,1463
12_missing_hole_04,2529,2530,Missing_hole,1498,1017,1546,1072
12_missing_hole_04,2529,2530,Missing_hole,1908,1010,1963,1079
12_missing_hole_04,2529,2530,Missing_hole,1315,445,1361,494
12_missing_hole_05,2529,2530,Missing_hole,877,879,926,930
12_missing_hole_05,2529,2530,Missing_hole,1261,1152,1306,1202
12_missing_hole_05,2529,2530,Missing_hole,1076,1324,1135,1379
12_missing_hole_05,2529,2530,Missing_hole,2005,1323,2065,1387
12_missing_hole_05,2529,2530,Missing_hole,2318,883,2381,945
12_missing_hole_05,2529,2530,Missing_hole,1644,1710,1707,1782
12_missing_hole_06,2529,2530,Missing_hole,1184,1015,1237,1077
12_missing_hole_06,2529,2530,Missing_hole,1597,1013,1655,1076
12_missing_hole_06,2529,2530,Missing_hole,2218,980,2282,1043
12_missing_hole_06,2529,2530,Missing_hole,1128,1466,1183,1529
12_missing_hole_06,2529,2530,Missing_hole,379,1097,442,1154
12_missing_hole_07,2529,2530,Missing_hole,1546,628,1606,694
12_missing_hole_07,2529,2530,Missing_hole,1804,1013,1862,1079
12_missing_hole_07,2529,2530,Missing_hole,1386,1233,1449,1288
12_missing_hole_07,2529,2530,Missing_hole,661,1033,716,1091
12_missing_hole_07,2529,2530,Missing_hole,1911,255,1965,319
12_missing_hole_10,2529,2530,Missing_hole,1648,1021,1703,1079
12_missing_hole_10,2529,2530,Missing_hole,877,882,932,940
12_missing_hole_10,2529,2530,Missing_hole,693,768,740,815
12_missing_hole_10,2529,2530,Missing_hole,1960,1322,2018,1391
01_mouse_bite_01,3034,1586,Mouse_bite,1518,913,1547,958
01_mouse_bite_03,3034,1586,Mouse_bite,1018,500,1078,558
01_mouse_bite_03,3034,1586,Mouse_bite,1263,1066,1300,1099
01_mouse_bite_03,3034,1586,Mouse_bite,1682,638,1722,676
01_mouse_bite_04,3034,1586,Mouse_bite,1940,757,1973,785
01_mouse_bite_04,3034,1586,Mouse_bite,2590,892,2624,929
01_mouse_bite_04,3034,1586,Mouse_bite,2564,545,2602,583
01_mouse_bite_05,3034,1586,Mouse_bite,2150,1154,2183,1190
01_mouse_bite_05,3034,1586,Mouse_bite,2164,295,2205,330
01_mouse_bite_05,3034,1586,Mouse_bite,2201,615,2233,653
01_mouse_bite_06,3034,1586,Mouse_bite,1197,1311,1244,1350
01_mouse_bite_06,3034,1586,Mouse_bite,2629,318,2665,351
01_mouse_bite_06,3034,1586,Mouse_bite,2820,823,2852,871
01_mouse_bite_07,3034,1586,Mouse_bite,1471,402,1507,460
01_mouse_bite_07,3034,1586,Mouse_bite,441,916,476,947
01_mouse_bite_07,3034,1586,Mouse_bite,663,1302,702,1343
01_mouse_bite_08,3034,1586,Mouse_bite,1018,1281,1058,1318
01_mouse_bite_10,3034,1586,Mouse_bite,444,422,505,463
01_mouse_bite_11,3034,1586,Mouse_bite,1199,965,1234,1003
01_mouse_bite_11,3034,1586,Mouse_bite,2042,754,2073,785
01_mouse_bite_11,3034,1586,Mouse_bite,1471,606,1506,639
01_mouse_bite_12,3034,1586,Mouse_bite,2594,881,2625,917
01_mouse_bite_12,3034,1586,Mouse_bite,2818,1210,2853,1253
01_mouse_bite_12,3034,1586,Mouse_bite,2664,318,2704,354
01_mouse_bite_13,3034,1586,Mouse_bite,1222,1368,1264,1409
01_mouse_bite_13,3034,1586,Mouse_bite,1539,1161,1577,1202
01_mouse_bite_13,3034,1586,Mouse_bite,1549,1288,1585,1326
01_mouse_bite_14,3034,1586,Mouse_bite,731,1396,768,1430
01_mouse_bite_19,3034,1586,Mouse_bite,724,1221,755,1258
01_mouse_bite_19,3034,1586,Mouse_bite,645,1286,689,1328
01_mouse_bite_20,3034,1586,Mouse_bite,1338,1366,1382,1410
01_mouse_bite_20,3034,1586,Mouse_bite,995,1311,1040,1350
01_mouse_bite_20,3034,1586,Mouse_bite,791,1295,833,1339
04_mouse_bite_01,3056,2464,Mouse_bite,986,2114,1093,2195
04_mouse_bite_01,3056,2464,Mouse_bite,1894,1447,1978,1536
04_mouse_bite_01,3056,2464,Mouse_bite,1772,1139,1854,1190
04_mouse_bite_02,3056,2464,Mouse_bite,761,1159,832,1200
04_mouse_bite_02,3056,2464,Mouse_bite,536,1467,581,1530
04_mouse_bite_02,3056,2464,Mouse_bite,1533,1875,1619,1926
04_mouse_bite_03,3056,2464,Mouse_bite,2009,435,2084,482
04_mouse_bite_03,3056,2464,Mouse_bite,2157,861,2207,935
04_mouse_bite_03,3056,2464,Mouse_bite,1152,472,1207,539
04_mouse_bite_04,3056,2464,Mouse_bite,113,995,171,1064
04_mouse_bite_04,3056,2464,Mouse_bite,853,1080,926,1136
04_mouse_bite_06,3056,2464,Mouse_bite,2382,1789,2467,1852
04_mouse_bite_06,3056,2464,Mouse_bite,2562,1581,2635,1631
04_mouse_bite_07,3056,2464,Mouse_bite,1257,1197,1341,1252
04_mouse_bite_07,3056,2464,Mouse_bite,2409,1136,2469,1220
04_mouse_bite_07,3056,2464,Mouse_bite,751,1205,823,1256
04_mouse_bite_08,3056,2464,Mouse_bite,1473,1068,1554,1145
04_mouse_bite_08,3056,2464,Mouse_bite,426,1357,481,1419
04_mouse_bite_08,3056,2464,Mouse_bite,1738,811,1795,875
04_mouse_bite_09,3056,2464,Mouse_bite,1126,1494,1182,1561
04_mouse_bite_09,3056,2464,Mouse_bite,1672,1508,1725,1573
04_mouse_bite_11,3056,2464,Mouse_bite,1208,1150,1299,1221
04_mouse_bite_11,3056,2464,Mouse_bite,2273,751,2353,821
04_mouse_bite_12,3056,2464,Mouse_bite,2302,438,2392,507
04_mouse_bite_12,3056,2464,Mouse_bite,473,504,575,572
04_mouse_bite_12,3056,2464,Mouse_bite,512,1015,605,1070
04_mouse_bite_13,3056,2464,Mouse_bite,855,1236,957,1304
04_mouse_bite_13,3056,2464,Mouse_bite,2083,1092,2176,1166
04_mouse_bite_13,3056,2464,Mouse_bite,870,1800,929,1881
04_mouse_bite_14,3056,2464,Mouse_bite,748,1126,823,1177
04_mouse_bite_14,3056,2464,Mouse_bite,2221,1208,2282,1297
04_mouse_bite_16,3056,2464,Mouse_bite,2047,655,2116,733
04_mouse_bite_16,3056,2464,Mouse_bite,1771,1259,1861,1313
04_mouse_bite_17,3056,2464,Mouse_bite,1219,263,1275,347
04_mouse_bite_17,3056,2464,Mouse_bite,891,1021,950,1099
04_mouse_bite_17,3056,2464,Mouse_bite,1992,960,2081,1023
04_mouse_bite_19,3056,2464,Mouse_bite,433,1350,490,1428
04_mouse_bite_20,3056,2464,Mouse_bite,400,508,479,575
04_mouse_bite_20,3056,2464,Mouse_bite,2024,430,2101,480
04_mouse_bite_20,3056,2464,Mouse_bite,1275,1621,1333,1706
05_mouse_bite_01,2544,2156,Mouse_bite,910,278,972,320
05_mouse_bite_01,2544,2156,Mouse_bite,651,975,716,1020
05_mouse_bite_01,2544,2156,Mouse_bite,1222,817,1266,890
05_mouse_bite_01,2544,2156,Mouse_bite,1576,621,1634,662
05_mouse_bite_01,2544,2156,Mouse_bite,1828,1331,1910,1379
05_mouse_bite_02,2544,2156,Mouse_bite,683,573,762,621
05_mouse_bite_02,2544,2156,Mouse_bite,1216,685,1262,761
05_mouse_bite_02,2544,2156,Mouse_bite,1979,910,2026,986
05_mouse_bite_02,2544,2156,Mouse_bite,1505,1701,1568,1740
05_mouse_bite_02,2544,2156,Mouse_bite,1013,1771,1049,1838
05_mouse_bite_03,2544,2156,Mouse_bite,780,331,850,385
05_mouse_bite_03,2544,2156,Mouse_bite,165,957,207,1035
05_mouse_bite_03,2544,2156,Mouse_bite,1773,356,1829,434
05_mouse_bite_03,2544,2156,Mouse_bite,1975,885,2024,966
05_mouse_bite_03,2544,2156,Mouse_bite,978,1095,1044,1159
05_mouse_bite_04,2544,2156,Mouse_bite,1027,687,1085,734
05_mouse_bite_04,2544,2156,Mouse_bite,1563,859,1624,918
05_mouse_bite_04,2544,2156,Mouse_bite,2075,1651,2125,1696
05_mouse_bite_04,2544,2156,Mouse_bite,1502,1700,1552,1745
05_mouse_bite_04,2544,2156,Mouse_bite,168,820,219,896
05_mouse_bite_05,2544,2156,Mouse_bite,1601,577,1651,617
05_mouse_bite_05,2544,2156,Mouse_bite,295,1357,370,1420
05_mouse_bite_05,2544,2156,Mouse_bite,1377,1495,1415,1570
05_mouse_bite_05,2544,2156,Mouse_bite,1467,1889,1539,1933
05_mouse_bite_05,2544,2156,Mouse_bite,1865,256,1924,322
05_mouse_bite_06,2544,2156,Mouse_bite,1216,618,1262,695
05_mouse_bite_06,2544,2156,Mouse_bite,709,804,787,849
05_mouse_bite_06,2544,2156,Mouse_bite,1603,1374,1667,1426
05_mouse_bite_06,2544,2156,Mouse_bite,2270,1523,2333,1570
05_mouse_bite_06,2544,2156,Mouse_bite,2182,1809,2265,1859
05_mouse_bite_07,2544,2156,Mouse_bite,1430,297,1535,361
05_mouse_bite_07,2544,2156,Mouse_bite,1549,857,1638,907
05_mouse_bite_07,2544,2156,Mouse_bite,2395,1612,2439,1676
05_mouse_bite_07,2544,2156,Mouse_bite,1559,1860,1638,1904
05_mouse_bite_07,2544,2156,Mouse_bite,592,1303,685,1356
05_mouse_bite_07,2544,2156,Mouse_bite,388,338,464,382
05_mouse_bite_08,2544,2156,Mouse_bite,519,1087,602,1126
05_mouse_bite_08,2544,2156,Mouse_bite,93,956,128,1031
05_mouse_bite_08,2544,2156,Mouse_bite,2030,639,2072,720
05_mouse_bite_08,2544,2156,Mouse_bite,2256,1316,2310,1393
05_mouse_bite_08,2544,2156,Mouse_bite,1172,1292,1214,1370
05_mouse_bite_09,2544,2156,Mouse_bite,981,566,1052,612
05_mouse_bite_09,2544,2156,Mouse_bite,1525,578,1588,621
05_mouse_bite_09,2544,2156,Mouse_bite,1623,1013,1674,1068
05_mouse_bite_09,2544,2156,Mouse_bite,1605,1466,1650,1509
05_mouse_bite_09,2544,2156,Mouse_bite,1541,1663,1601,1710
06_mouse_bite_01,2868,2316,Mouse_bite,1299,366,1372,407
06_mouse_bite_01,2868,2316,Mouse_bite,1405,681,1444,741
06_mouse_bite_01,2868,2316,Mouse_bite,1508,1608,1567,1643
06_mouse_bite_01,2868,2316,Mouse_bite,2528,1580,2567,1654
06_mouse_bite_01,2868,2316,Mouse_bite,588,1633,626,1692
06_mouse_bite_02,2868,2316,Mouse_bite,490,967,558,1009
06_mouse_bite_02,2868,2316,Mouse_bite,1274,1667,1309,1724
06_mouse_bite_02,2868,2316,Mouse_bite,2083,980,2129,1055
06_mouse_bite_02,2868,2316,Mouse_bite,1545,1101,1615,1134
06_mouse_bite_02,2868,2316,Mouse_bite,1142,917,1201,950
06_mouse_bite_02,2868,2316,Mouse_bite,1796,508,1853,545
06_mouse_bite_03,2868,2316,Mouse_bite,1151,398,1236,447
06_mouse_bite_03,2868,2316,Mouse_bite,1289,603,1365,648
06_mouse_bite_03,2868,2316,Mouse_bite,2045,717,2087,783
06_mouse_bite_03,2868,2316,Mouse_bite,818,1532,896,1565
06_mouse_bite_03,2868,2316,Mouse_bite,199,981,244,1073
06_mouse_bite_04,2868,2316,Mouse_bite,1224,605,1302,646
06_mouse_bite_04,2868,2316,Mouse_bite,2242,842,2285,926
06_mouse_bite_04,2868,2316,Mouse_bite,1958,1432,1996,1515
06_mouse_bite_04,2868,2316,Mouse_bite,939,1288,974,1362
06_mouse_bite_04,2868,2316,Mouse_bite,922,1068,985,1101
06_mouse_bite_05,2868,2316,Mouse_bite,1746,576,1826,613
06_mouse_bite_05,2868,2316,Mouse_bite,826,367,912,405
06_mouse_bite_05,2868,2316,Mouse_bite,162,1219,204,1309
06_mouse_bite_05,2868,2316,Mouse_bite,1059,1894,1115,1928
06_mouse_bite_05,2868,2316,Mouse_bite,1823,1080,1856,1154
06_mouse_bite_06,2868,2316,Mouse_bite,2238,844,2282,928
06_mouse_bite_06,2868,2316,Mouse_bite,2072,1479,2108,1566
06_mouse_bite_06,2868,2316,Mouse_bite,2346,1714,2408,1821
06_mouse_bite_06,2868,2316,Mouse_bite,1249,1263,1325,1299
06_mouse_bite_06,2868,2316,Mouse_bite,691,1529,771,1566
06_mouse_bite_07,2868,2316,Mouse_bite,1800,508,1861,545
06_mouse_bite_07,2868,2316,Mouse_bite,935,401,1022,444
06_mouse_bite_07,2868,2316,Mouse_bite,1193,684,1277,724
06_mouse_bite_07,2868,2316,Mouse_bite,1062,1063,1154,1102
06_mouse_bite_07,2868,2316,Mouse_bite,1188,1290,1264,1324
06_mouse_bite_08,2868,2316,Mouse_bite,2240,714,2286,833
06_mouse_bite_08,2868,2316,Mouse_bite,1929,1296,1960,1380
06_mouse_bite_08,2868,2316,Mouse_bite,1439,1082,1532,1112
06_mouse_bite_08,2868,2316,Mouse_bite,1874,1780,1959,1809
06_mouse_bite_08,2868,2316,Mouse_bite,892,1760,977,1799
06_mouse_bite_08,2868,2316,Mouse_bite,1538,724,1575,794
06_mouse_bite_09,2868,2316,Mouse_bite,414,761,489,803
06_mouse_bite_09,2868,2316,Mouse_bite,806,704,846,788
06_mouse_bite_09,2868,2316,Mouse_bite,968,1259,1016,1360
06_mouse_bite_09,2868,2316,Mouse_bite,306,1380,351,1454
06_mouse_bite_09,2868,2316,Mouse_bite,524,1870,565,1962
06_mouse_bite_10,2868,2316,Mouse_bite,1851,915,1882,997
06_mouse_bite_10,2868,2316,Mouse_bite,2072,1637,2111,1713
06_mouse_bite_10,2868,2316,Mouse_bite,1231,1629,1269,1702
06_mouse_bite_10,2868,2316,Mouse_bite,1609,1265,1679,1296
06_mouse_bite_10,2868,2316,Mouse_bite,1003,762,1096,788
07_mouse_bite_01,2904,1921,Mouse_bite,1097,544,1148,622
07_mouse_bite_01,2904,1921,Mouse_bite,1695,881,1747,968
07_mouse_bite_01,2904,1921,Mouse_bite,1927,628,1986,687
07_mouse_bite_01,2904,1921,Mouse_bite,705,926,756,1019
07_mouse_bite_01,2904,1921,Mouse_bite,1650,1311,1736,1366
07_mouse_bite_02,2904,1921,Mouse_bite,1186,408,1241,488
07_mouse_bite_02,2904,1921,Mouse_bite,1912,626,1990,685
07_mouse_bite_02,2904,1921,Mouse_bite,1765,818,1829,900
07_mouse_bite_02,2904,1921,Mouse_bite,1070,956,1151,1011
07_mouse_bite_03,2904,1921,Mouse_bite,2327,1032,2381,1141
07_mouse_bite_04,2904,1921,Mouse_bite,1766,812,1829,884
07_mouse_bite_04,2904,1921,Mouse_bite,1517,523,1555,590
07_mouse_bite_04,2904,1921,Mouse_bite,986,200,1079,272
07_mouse_bite_04,2904,1921,Mouse_bite,799,949,856,1014
07_mouse_bite_05,2904,1921,Mouse_bite,1108,1124,1189,1173
07_mouse_bite_06,2904,1921,Mouse_bite,696,398,799,462
07_mouse_bite_06,2904,1921,Mouse_bite,1654,176,1776,254
07_mouse_bite_06,2904,1921,Mouse_bite,879,862,952,933
07_mouse_bite_06,2904,1921,Mouse_bite,2043,664,2097,723
07_mouse_bite_06,2904,1921,Mouse_bite,2336,439,2387,520
07_mouse_bite_07,2904,1921,Mouse_bite,1317,597,1399,647
07_mouse_bite_07,2904,1921,Mouse_bite,1555,885,1626,950
07_mouse_bite_07,2904,1921,Mouse_bite,1923,610,1989,681
07_mouse_bite_07,2904,1921,Mouse_bite,1237,869,1342,919
07_mouse_bite_07,2904,1921,Mouse_bite,442,844,532,912
07_mouse_bite_08,2904,1921,Mouse_bite,1086,554,1148,643
07_mouse_bite_08,2904,1921,Mouse_bite,1046,1308,1142,1366
07_mouse_bite_08,2904,1921,Mouse_bite,1767,630,1846,692
07_mouse_bite_08,2904,1921,Mouse_bite,2113,830,2207,880
07_mouse_bite_08,2904,1921,Mouse_bite,2677,517,2744,620
07_mouse_bite_09,2904,1921,Mouse_bite,959,384,1025,469
07_mouse_bite_09,2904,1921,Mouse_bite,1616,629,1695,686
07_mouse_bite_09,2904,1921,Mouse_bite,1975,699,2044,776
07_mouse_bite_09,2904,1921,Mouse_bite,2322,1014,2384,1112
07_mouse_bite_09,2904,1921,Mouse_bite,879,876,929,948
07_mouse_bite_10,2904,1921,Mouse_bite,1560,869,1616,940
07_mouse_bite_10,2904,1921,Mouse_bite,1971,926,2056,980
07_mouse_bite_10,2904,1921,Mouse_bite,960,1121,1046,1183
07_mouse_bite_10,2904,1921,Mouse_bite,2329,438,2383,525
07_mouse_bite_10,2904,1921,Mouse_bite,1791,466,1862,550
08_mouse_bite_01,2759,2154,Mouse_bite,1559,1181,1612,1241
08_mouse_bite_01,2759,2154,Mouse_bite,570,1305,628,1354
08_mouse_bite_01,2759,2154,Mouse_bite,2253,396,2340,461
08_mouse_bite_01,2759,2154,Mouse_bite,2143,696,2205,745
08_mouse_bite_01,2759,2154,Mouse_bite,1576,1817,1658,1873
08_mouse_bite_02,2759,2154,Mouse_bite,1767,595,1849,639
08_mouse_bite_02,2759,2154,Mouse_bite,2001,762,2068,829
08_mouse_bite_02,2759,2154,Mouse_bite,1666,910,1737,976
08_mouse_bite_02,2759,2154,Mouse_bite,450,908,522,990
08_mouse_bite_02,2759,2154,Mouse_bite,763,1238,836,1286
08_mouse_bite_03,2759,2154,Mouse_bite,2240,1060,2304,1135
08_mouse_bite_03,2759,2154,Mouse_bite,1788,1292,1845,1336
08_mouse_bite_03,2759,2154,Mouse_bite,1247,1308,1298,1367
08_mouse_bite_03,2759,2154,Mouse_bite,1058,1807,1141,1869
08_mouse_bite_03,2759,2154,Mouse_bite,2374,1297,2432,1369
08_mouse_bite_04,2759,2154,Mouse_bite,1034,918,1085,974
08_mouse_bite_04,2759,2154,Mouse_bite,459,1370,517,1416
08_mouse_bite_04,2759,2154,Mouse_bite,2399,999,2455,1053
08_mouse_bite_04,2759,2154,Mouse_bite,2222,686,2278,746
08_mouse_bite_04,2759,2154,Mouse_bite,546,574,604,646
08_mouse_bite_05,2759,2154,Mouse_bite,2091,764,2138,818
08_mouse_bite_05,2759,2154,Mouse_bite,1514,594,1586,642
08_mouse_bite_05,2759,2154,Mouse_bite,1565,1201,1624,1263
08_mouse_bite_05,2759,2154,Mouse_bite,1246,1326,1302,1387
08_mouse_bite_05,2759,2154,Mouse_bite,293,1227,350,1288
08_mouse_bite_06,2759,2154,Mouse_bite,892,920,950,979
08_mouse_bite_06,2759,2154,Mouse_bite,1950,1176,1995,1239
08_mouse_bite_06,2759,2154,Mouse_bite,2236,1285,2312,1366
08_mouse_bite_06,2759,2154,Mouse_bite,1250,1294,1304,1360
08_mouse_bite_06,2759,2154,Mouse_bite,557,584,615,656
08_mouse_bite_07,2759,2154,Mouse_bite,1032,976,1086,1027
08_mouse_bite_07,2759,2154,Mouse_bite,1952,1050,2010,1110
08_mouse_bite_07,2759,2154,Mouse_bite,2396,987,2450,1061
08_mouse_bite_07,2759,2154,Mouse_bite,2370,1634,2455,1690
08_mouse_bite_07,2759,2154,Mouse_bite,1986,1784,2057,1839
08_mouse_bite_08,2759,2154,Mouse_bite,1258,1301,1305,1360
08_mouse_bite_08,2759,2154,Mouse_bite,1519,591,1586,637
08_mouse_bite_09,2759,2154,Mouse_bite,1845,621,1925,667
08_mouse_bite_09,2759,2154,Mouse_bite,2078,1067,2132,1125
08_mouse_bite_09,2759,2154,Mouse_bite,1247,989,1307,1032
08_mouse_bite_09,2759,2154,Mouse_bite,2550,1652,2607,1720
08_mouse_bite_09,2759,2154,Mouse_bite,268,1756,318,1815
08_mouse_bite_10,2759,2154,Mouse_bite,1668,915,1712,979
08_mouse_bite_10,2759,2154,Mouse_bite,2230,685,2274,754
08_mouse_bite_10,2759,2154,Mouse_bite,2280,412,2345,451
08_mouse_bite_10,2759,2154,Mouse_bite,1188,1299,1224,1362
08_mouse_bite_10,2759,2154,Mouse_bite,1812,1879,1852,1961
09_mouse_bite_01,2775,2159,Mouse_bite,1757,1212,1799,1269
09_mouse_bite_01,2775,2159,Mouse_bite,1269,1630,1344,1676
09_mouse_bite_01,2775,2159,Mouse_bite,1516,814,1580,853
09_mouse_bite_01,2775,2159,Mouse_bite,1125,435,1176,492
09_mouse_bite_01,2775,2159,Mouse_bite,528,812,575,885
09_mouse_bite_02,2775,2159,Mouse_bite,1543,432,1607,510
09_mouse_bite_02,2775,2159,Mouse_bite,1194,861,1263,907
09_mouse_bite_02,2775,2159,Mouse_bite,1949,1117,1990,1189
09_mouse_bite_02,2775,2159,Mouse_bite,2075,1640,2148,1678
09_mouse_bite_02,2775,2159,Mouse_bite,2039,173,2089,242
09_mouse_bite_03,2775,2159,Mouse_bite,1553,729,1620,768
09_mouse_bite_03,2775,2159,Mouse_bite,774,699,835,768
09_mouse_bite_03,2775,2159,Mouse_bite,1544,1629,1624,1679
09_mouse_bite_03,2775,2159,Mouse_bite,484,1335,563,1386
09_mouse_bite_03,2775,2159,Mouse_bite,922,1120,958,1166
09_mouse_bite_04,2775,2159,Mouse_bite,1621,504,1674,576
09_mouse_bite_04,2775,2159,Mouse_bite,1126,717,1171,784
09_mouse_bite_04,2775,2159,Mouse_bite,1132,1118,1171,1168
09_mouse_bite_04,2775,2159,Mouse_bite,646,416,696,481
09_mouse_bite_04,2775,2159,Mouse_bite,2276,481,2328,531
09_mouse_bite_05,2775,2159,Mouse_bite,1477,497,1530,566
09_mouse_bite_05,2775,2159,Mouse_bite,1749,1023,1824,1062
09_mouse_bite_05,2775,2159,Mouse_bite,791,253,830,322
09_mouse_bite_05,2775,2159,Mouse_bite,2276,1060,2340,1104
09_mouse_bite_06,2775,2159,Mouse_bite,1304,1236,1365,1281
09_mouse_bite_06,2775,2159,Mouse_bite,2631,689,2679,761
09_mouse_bite_06,2775,2159,Mouse_bite,2306,555,2378,612
09_mouse_bite_07,2775,2159,Mouse_bite,1129,429,1186,504
09_mouse_bite_07,2775,2159,Mouse_bite,1666,522,1713,600
09_mouse_bite_07,2775,2159,Mouse_bite,512,794,571,877
09_mouse_bite_08,2775,2159,Mouse_bite,1845,990,1917,1036
09_mouse_bite_08,2775,2159,Mouse_bite,2586,1006,2653,1070
09_mouse_bite_08,2775,2159,Mouse_bite,567,1272,613,1333
09_mouse_bite_08,2775,2159,Mouse_bite,2430,634,2503,676
09_mouse_bite_09,2775,2159,Mouse_bite,941,558,1000,612
09_mouse_bite_09,2775,2159,Mouse_bite,581,499,656,568
09_mouse_bite_09,2775,2159,Mouse_bite,1659,1017,1737,1058
09_mouse_bite_09,2775,2159,Mouse_bite,1863,327,1944,373
09_mouse_bite_09,2775,2159,Mouse_bite,1300,1494,1390,1541
09_mouse_bite_10,2775,2159,Mouse_bite,1487,289,1542,361
09_mouse_bite_10,2775,2159,Mouse_bite,1021,553,1083,604
09_mouse_bite_10,2775,2159,Mouse_bite,1119,712,1178,783
09_mouse_bite_10,2775,2159,Mouse_bite,2104,963,2195,1013
09_mouse_bite_10,2775,2159,Mouse_bite,568,1112,630,1177
10_mouse_bite_01,2240,2016,Mouse_bite,965,410,1041,498
10_mouse_bite_01,2240,2016,Mouse_bite,1531,940,1632,1022
10_mouse_bite_01,2240,2016,Mouse_bite,1017,1035,1096,1111
10_mouse_bite_01,2240,2016,Mouse_bite,1494,1300,1575,1396
10_mouse_bite_02,2240,2016,Mouse_bite,1520,956,1611,1021
10_mouse_bite_02,2240,2016,Mouse_bite,1910,1008,1975,1063
10_mouse_bite_02,2240,2016,Mouse_bite,1833,415,1908,471
10_mouse_bite_02,2240,2016,Mouse_bite,939,1426,1016,1495
10_mouse_bite_03,2240,2016,Mouse_bite,961,425,1031,518
10_mouse_bite_03,2240,2016,Mouse_bite,1668,1043,1743,1121
10_mouse_bite_04,2240,2016,Mouse_bite,1022,1161,1106,1237
10_mouse_bite_04,2240,2016,Mouse_bite,1196,1646,1296,1720
10_mouse_bite_04,2240,2016,Mouse_bite,742,852,839,941
10_mouse_bite_05,2240,2016,Mouse_bite,1155,405,1248,486
10_mouse_bite_05,2240,2016,Mouse_bite,1975,486,2042,554
10_mouse_bite_05,2240,2016,Mouse_bite,902,788,1006,862
11_mouse_bite_01,2282,2248,Mouse_bite,1253,401,1320,460
11_mouse_bite_01,2282,2248,Mouse_bite,1509,1087,1571,1172
11_mouse_bite_01,2282,2248,Mouse_bite,919,1476,985,1552
11_mouse_bite_01,2282,2248,Mouse_bite,575,852,647,921
11_mouse_bite_02,2282,2248,Mouse_bite,757,336,818,406
11_mouse_bite_02,2282,2248,Mouse_bite,1488,529,1565,599
11_mouse_bite_02,2282,2248,Mouse_bite,1069,718,1138,795
11_mouse_bite_02,2282,2248,Mouse_bite,1138,1113,1239,1172
11_mouse_bite_02,2282,2248,Mouse_bite,1733,1686,1813,1742
11_mouse_bite_03,2282,2248,Mouse_bite,1078,644,1145,722
11_mouse_bite_03,2282,2248,Mouse_bite,304,523,391,626
11_mouse_bite_03,2282,2248,Mouse_bite,1085,1468,1131,1544
11_mouse_bite_03,2282,2248,Mouse_bite,516,1457,576,1533
11_mouse_bite_03,2282,2248,Mouse_bite,613,1146,679,1215
11_mouse_bite_04,2282,2248,Mouse_bite,773,596,859,667
11_mouse_bite_04,2282,2248,Mouse_bite,1028,1151,1112,1205
11_mouse_bite_04,2282,2248,Mouse_bite,826,1385,901,1452
11_mouse_bite_04,2282,2248,Mouse_bite,697,1608,781,1675
11_mouse_bite_04,2282,2248,Mouse_bite,493,740,553,822
11_mouse_bite_05,2282,2248,Mouse_bite,838,126,936,187
11_mouse_bite_05,2282,2248,Mouse_bite,742,1569,840,1640
11_mouse_bite_06,2282,2248,Mouse_bite,1073,660,1140,744
11_mouse_bite_06,2282,2248,Mouse_bite,584,842,660,903
11_mouse_bite_06,2282,2248,Mouse_bite,308,1400,380,1485
11_mouse_bite_06,2282,2248,Mouse_bite,1357,1393,1452,1461
11_mouse_bite_07,2282,2248,Mouse_bite,620,1372,680,1421
11_mouse_bite_08,2282,2248,Mouse_bite,1511,1073,1564,1165
11_mouse_bite_08,2282,2248,Mouse_bite,676,1067,755,1123
11_mouse_bite_08,2282,2248,Mouse_bite,925,1202,994,1254
11_mouse_bite_08,2282,2248,Mouse_bite,1432,1590,1489,1664
11_mouse_bite_08,2282,2248,Mouse_bite,1039,523,1117,597
11_mouse_bite_09,2282,2248,Mouse_bite,1072,657,1146,731
11_mouse_bite_09,2282,2248,Mouse_bite,1254,1155,1329,1209
11_mouse_bite_09,2282,2248,Mouse_bite,1100,1950,1199,2017
11_mouse_bite_09,2282,2248,Mouse_bite,511,1398,572,1487
11_mouse_bite_10,2282,2248,Mouse_bite,1424,1867,1490,1947
12_mouse_bite_01,2529,2530,Mouse_bite,1757,462,1809,536
12_mouse_bite_01,2529,2530,Mouse_bite,911,733,986,784
12_mouse_bite_01,2529,2530,Mouse_bite,627,1203,680,1278
12_mouse_bite_01,2529,2530,Mouse_bite,1760,1446,1805,1513
12_mouse_bite_01,2529,2530,Mouse_bite,1268,1785,1321,1828
12_mouse_bite_02,2529,2530,Mouse_bite,1317,503,1368,572
12_mouse_bite_02,2529,2530,Mouse_bite,2217,401,2273,475
12_mouse_bite_02,2529,2530,Mouse_bite,1660,1414,1703,1473
12_mouse_bite_02,2529,2530,Mouse_bite,323,1162,366,1233
12_mouse_bite_02,2529,2530,Mouse_bite,1026,1074,1094,1127
12_mouse_bite_03,2529,2530,Mouse_bite,1409,336,1462,406
12_mouse_bite_03,2529,2530,Mouse_bite,1654,681,1710,757
12_mouse_bite_03,2529,2530,Mouse_bite,2270,531,2325,616
12_mouse_bite_03,2529,2530,Mouse_bite,910,1194,1006,1249
12_mouse_bite_03,2529,2530,Mouse_bite,1784,1238,1859,1288
12_mouse_bite_04,2529,2530,Mouse_bite,626,676,706,729
12_mouse_bite_04,2529,2530,Mouse_bite,626,1216,680,1294
12_mouse_bite_04,2529,2530,Mouse_bite,1753,1444,1800,1517
12_mouse_bite_04,2529,2530,Mouse_bite,1547,1785,1631,1839
12_mouse_bite_04,2529,2530,Mouse_bite,106,1741,162,1823
12_mouse_bite_05,2529,2530,Mouse_bite,1341,1076,1417,1125
12_mouse_bite_05,2529,2530,Mouse_bite,793,1535,882,1588
12_mouse_bite_05,2529,2530,Mouse_bite,1812,1459,1858,1537
12_mouse_bite_05,2529,2530,Mouse_bite,749,1783,813,1830
12_mouse_bite_05,2529,2530,Mouse_bite,2370,1670,2416,1741
12_mouse_bite_06,2529,2530,Mouse_bite,1546,903,1598,977
12_mouse_bite_06,2529,2530,Mouse_bite,1958,546,2011,623
12_mouse_bite_06,2529,2530,Mouse_bite,1803,1453,1854,1529
12_mouse_bite_06,2529,2530,Mouse_bite,734,1132,814,1181
12_mouse_bite_06,2529,2530,Mouse_bite,623,1469,696,1523
12_mouse_bite_07,2529,2530,Mouse_bite,1750,709,1806,803
12_mouse_bite_07,2529,2530,Mouse_bite,2186,1046,2273,1093
12_mouse_bite_07,2529,2530,Mouse_bite,481,1099,556,1152
12_mouse_bite_07,2529,2530,Mouse_bite,1548,1663,1625,1710
12_mouse_bite_07,2529,2530,Mouse_bite,1657,1422,1701,1493
12_mouse_bite_08,2529,2530,Mouse_bite,1312,203,1357,277
12_mouse_bite_08,2529,2530,Mouse_bite,2227,351,2273,428
12_mouse_bite_08,2529,2530,Mouse_bite,965,731,1039,774
12_mouse_bite_08,2529,2530,Mouse_bite,1302,1120,1375,1170
12_mouse_bite_09,2529,2530,Mouse_bite,110,1813,156,1891
12_mouse_bite_10,2529,2530,Mouse_bite,1504,338,1551,394
12_mouse_bite_10,2529,2530,Mouse_bite,1557,925,1607,980
12_mouse_bite_10,2529,2530,Mouse_bite,758,1126,835,1181
12_mouse_bite_10,2529,2530,Mouse_bite,526,1338,603,1389
12_mouse_bite_10,2529,2530,Mouse_bite,2300,1695,2340,1772
01_open_circuit_01,3034,1586,Open_circuit,1538,1149,1583,1205
01_open_circuit_01,3034,1586,Open_circuit,1071,1342,1113,1380
01_open_circuit_01,3034,1586,Open_circuit,1683,467,1726,503
01_open_circuit_02,3034,1586,Open_circuit,1502,1349,1539,1378
01_open_circuit_02,3034,1586,Open_circuit,1652,1196,1684,1229
01_open_circuit_02,3034,1586,Open_circuit,775,1127,808,1165
01_open_circuit_03,3034,1586,Open_circuit,1418,1132,1460,1172
01_open_circuit_03,3034,1586,Open_circuit,598,909,632,942
01_open_circuit_03,3034,1586,Open_circuit,1687,349,1722,389
01_open_circuit_04,3034,1586,Open_circuit,2176,1089,2217,1134
01_open_circuit_04,3034,1586,Open_circuit,2155,295,2191,330
01_open_circuit_04,3034,1586,Open_circuit,727,1277,761,1314
01_open_circuit_05,3034,1586,Open_circuit,2203,604,2235,641
01_open_circuit_05,3034,1586,Open_circuit,1015,1312,1050,1349
01_open_circuit_07,3034,1586,Open_circuit,2710,941,2743,976
01_open_circuit_07,3034,1586,Open_circuit,2555,544,2590,577
01_open_circuit_08,3034,1586,Open_circuit,1981,988,2023,1030
01_open_circuit_08,3034,1586,Open_circuit,1674,635,1719,675
01_open_circuit_08,3034,1586,Open_circuit,713,742,746,773
01_open_circuit_09,3034,1586,Open_circuit,482,963,514,1001
01_open_circuit_09,3034,1586,Open_circuit,2480,286,2513,321
01_open_circuit_09,3034,1586,Open_circuit,2695,1230,2723,1261
01_open_circuit_10,3034,1586,Open_circuit,1411,1141,1455,1182
01_open_circuit_10,3034,1586,Open_circuit,1693,238,1720,272
01_open_circuit_10,3034,1586,Open_circuit,1207,973,1232,998
01_open_circuit_11,3034,1586,Open_circuit,2619,524,2650,551
01_open_circuit_11,3034,1586,Open_circuit,1684,1376,1712,1409
01_open_circuit_11,3034,1586,Open_circuit,2548,574,2596,609
01_open_circuit_12,3034,1586,Open_circuit,2715,946,2742,975
01_open_circuit_12,3034,1586,Open_circuit,2713,1178,2739,1204
01_open_circuit_12,3034,1586,Open_circuit,1705,587,1732,612
01_open_circuit_13,3034,1586,Open_circuit,580,1083,605,1110
01_open_circuit_13,3034,1586,Open_circuit,443,903,473,934
01_open_circuit_13,3034,1586,Open_circuit,1329,791,1361,822
01_open_circuit_14,3034,1586,Open_circuit,1120,1314,1180,1351
01_open_circuit_14,3034,1586,Open_circuit,2829,826,2853,863
01_open_circuit_14,3034,1586,Open_circuit,2029,758,2061,785
01_open_circuit_15,3034,1586,Open_circuit,729,1278,757,1313
01_open_circuit_15,3034,1586,Open_circuit,474,1048,518,1082
01_open_circuit_15,3034,1586,Open_circuit,177,1123,205,1154
01_open_circuit_16,3034,1586,Open_circuit,1834,817,1863,842
01_open_circuit_16,3034,1586,Open_circuit,1513,884,1543,917
01_open_circuit_17,3034,1586,Open_circuit,2593,722,2625,750
01_open_circuit_17,3034,1586,Open_circuit,2425,1114,2453,1148
01_open_circuit_17,3034,1586,Open_circuit,2138,874,2165,901
01_open_circuit_18,3034,1586,Open_circuit,627,1273,667,1310
01_open_circuit_18,3034,1586,Open_circuit,313,1396,349,1427
01_open_circuit_18,3034,1586,Open_circuit,1250,1152,1302,1187
01_open_circuit_19,3034,1586,Open_circuit,1684,353,1722,384
04_open_circuit_01,3056,2464,Open_circuit,434,2177,491,2244
04_open_circuit_01,3056,2464,Open_circuit,440,1374,498,1427
04_open_circuit_01,3056,2464,Open_circuit,596,1213,677,1281
04_open_circuit_02,3056,2464,Open_circuit,466,2235,546,2313
04_open_circuit_02,3056,2464,Open_circuit,420,1721,501,1778
04_open_circuit_09,3056,2464,Open_circuit,2331,432,2401,500
04_open_circuit_09,3056,2464,Open_circuit,2127,877,2207,937
04_open_circuit_10,3056,2464,Open_circuit,1171,1707,1241,1752
04_open_circuit_10,3056,2464,Open_circuit,2180,1465,2234,1534
04_open_circuit_10,3056,2464,Open_circuit,2581,1583,2656,1658
04_open_circuit_11,3056,2464,Open_circuit,2231,1600,2310,1652
04_open_circuit_11,3056,2464,Open_circuit,2472,1775,2540,1850
04_open_circuit_11,3056,2464,Open_circuit,2389,1154,2450,1225
04_open_circuit_12,3056,2464,Open_circuit,2135,854,2202,910
04_open_circuit_12,3056,2464,Open_circuit,908,1109,977,1160
04_open_circuit_12,3056,2464,Open_circuit,1161,1201,1228,1263
04_open_circuit_13,3056,2464,Open_circuit,539,1452,601,1510
04_open_circuit_13,3056,2464,Open_circuit,1705,278,1785,347
04_open_circuit_13,3056,2464,Open_circuit,559,504,621,566
04_open_circuit_14,3056,2464,Open_circuit,549,1020,610,1078
04_open_circuit_17,3056,2464,Open_circuit,239,1797,291,1858
04_open_circuit_18,3056,2464,Open_circuit,493,501,551,568
04_open_circuit_18,3056,2464,Open_circuit,396,1076,457,1140
04_open_circuit_19,3056,2464,Open_circuit,1562,1205,1624,1259
04_open_circuit_19,3056,2464,Open_circuit,1850,1764,1927,1821
05_open_circuit_01,2544,2156,Open_circuit,1586,629,1633,669
05_open_circuit_02,2544,2156,Open_circuit,767,1667,813,1719
05_open_circuit_02,2544,2156,Open_circuit,2213,1778,2265,1820
05_open_circuit_02,2544,2156,Open_circuit,2035,264,2102,314
05_open_circuit_03,2544,2156,Open_circuit,1595,740,1643,790
05_open_circuit_03,2544,2156,Open_circuit,1401,832,1443,878
05_open_circuit_03,2544,2156,Open_circuit,1609,1373,1660,1422
05_open_circuit_04,2544,2156,Open_circuit,1400,829,1441,881
05_open_circuit_04,2544,2156,Open_circuit,1590,747,1648,786
05_open_circuit_04,2544,2156,Open_circuit,1818,1545,1865,1595
05_open_circuit_06,2544,2156,Open_circuit,2359,1635,2403,1690
05_open_circuit_06,2544,2156,Open_circuit,2083,992,2180,1085
05_open_circuit_06,2544,2156,Open_circuit,1701,709,1766,773
05_open_circuit_07,2544,2156,Open_circuit,874,1087,926,1130
05_open_circuit_07,2544,2156,Open_circuit,2385,1411,2455,1474
05_open_circuit_09,2544,2156,Open_circuit,1615,1857,1665,1905
05_open_circuit_09,2544,2156,Open_circuit,2131,1546,2192,1591
05_open_circuit_10,2544,2156,Open_circuit,1203,663,1255,706
05_open_circuit_10,2544,2156,Open_circuit,146,425,198,477
05_open_circuit_10,2544,2156,Open_circuit,311,561,363,625
06_open_circuit_02,2868,2316,Open_circuit,2042,959,2081,998
06_open_circuit_02,2868,2316,Open_circuit,1930,1119,1962,1152
06_open_circuit_02,2868,2316,Open_circuit,450,1586,485,1628
06_open_circuit_02,2868,2316,Open_circuit,968,2171,1037,2239
06_open_circuit_02,2868,2316,Open_circuit,527,1919,565,1966
06_open_circuit_05,2868,2316,Open_circuit,1930,1345,1965,1380
06_open_circuit_05,2868,2316,Open_circuit,1444,659,1488,695
06_open_circuit_05,2868,2316,Open_circuit,1850,1700,1891,1733
06_open_circuit_05,2868,2316,Open_circuit,1426,1648,1465,1684
06_open_circuit_05,2868,2316,Open_circuit,865,363,909,405
06_open_circuit_07,2868,2316,Open_circuit,1192,394,1251,452
06_open_circuit_07,2868,2316,Open_circuit,1928,1021,1964,1102
06_open_circuit_07,2868,2316,Open_circuit,1760,1665,1848,1703
06_open_circuit_07,2868,2316,Open_circuit,1194,1061,1226,1108
06_open_circuit_07,2868,2316,Open_circuit,1673,1014,1730,1053
06_open_circuit_08,2868,2316,Open_circuit,1188,402,1271,442
06_open_circuit_08,2868,2316,Open_circuit,684,1044,716,1122
06_open_circuit_08,2868,2316,Open_circuit,159,1036,204,1119
06_open_circuit_08,2868,2316,Open_circuit,879,1368,913,1422
06_open_circuit_08,2868,2316,Open_circuit,1788,1093,1825,1152
06_open_circuit_09,2868,2316,Open_circuit,2098,982,2141,1053
06_open_circuit_09,2868,2316,Open_circuit,1793,1665,1865,1697
06_open_circuit_09,2868,2316,Open_circuit,1490,1131,1593,1154
06_open_circuit_09,2868,2316,Open_circuit,1199,1062,1226,1131
06_open_circuit_09,2868,2316,Open_circuit,1896,1890,1961,1922
06_open_circuit_10,2868,2316,Open_circuit,1988,994,2020,1050
06_open_circuit_10,2868,2316,Open_circuit,1298,1036,1350,1079
06_open_circuit_10,2868,2316,Open_circuit,937,1319,976,1378
06_open_circuit_10,2868,2316,Open_circuit,632,302,682,340
06_open_circuit_10,2868,2316,Open_circuit,1368,325,1458,367
07_open_circuit_01,2904,1921,Open_circuit,1725,182,1779,233
07_open_circuit_01,2904,1921,Open_circuit,950,375,1027,457
07_open_circuit_01,2904,1921,Open_circuit,1691,882,1756,935
07_open_circuit_01,2904,1921,Open_circuit,971,883,1037,931
07_open_circuit_01,2904,1921,Open_circuit,2122,886,2176,938
07_open_circuit_02,2904,1921,Open_circuit,2022,244,2067,288
07_open_circuit_02,2904,1921,Open_circuit,1771,867,1819,918
07_open_circuit_02,2904,1921,Open_circuit,2183,827,2234,884
07_open_circuit_02,2904,1921,Open_circuit,799,950,850,1002
07_open_circuit_02,2904,1921,Open_circuit,688,402,741,475
07_open_circuit_03,2904,1921,Open_circuit,1103,526,1148,579
07_open_circuit_03,2904,1921,Open_circuit,1344,869,1389,919
07_open_circuit_04,2904,1921,Open_circuit,862,506,913,578
07_open_circuit_04,2904,1921,Open_circuit,1986,242,2051,290
07_open_circuit_04,2904,1921,Open_circuit,2688,572,2735,618
07_open_circuit_04,2904,1921,Open_circuit,2355,660,2418,715
07_open_circuit_05,2904,1921,Open_circuit,1629,871,1678,918
07_open_circuit_05,2904,1921,Open_circuit,886,861,940,913
07_open_circuit_05,2904,1921,Open_circuit,1932,633,1996,675
07_open_circuit_06,2904,1921,Open_circuit,1841,812,1885,862
07_open_circuit_06,2904,1921,Open_circuit,1804,687,1855,731
07_open_circuit_06,2904,1921,Open_circuit,2206,829,2255,877
07_open_circuit_07,2904,1921,Open_circuit,1528,625,1590,673
07_open_circuit_08,2904,1921,Open_circuit,1809,680,1860,735
07_open_circuit_08,2904,1921,Open_circuit,2226,824,2271,872
07_open_circuit_08,2904,1921,Open_circuit,1417,641,1473,692
07_open_circuit_08,2904,1921,Open_circuit,710,843,764,914
07_open_circuit_08,2904,1921,Open_circuit,1261,814,1317,861
07_open_circuit_09,2904,1921,Open_circuit,1721,595,1772,638
07_open_circuit_09,2904,1921,Open_circuit,2050,663,2101,713
07_open_circuit_09,2904,1921,Open_circuit,1537,1312,1588,1362
08_open_circuit_01,2759,2154,Open_circuit,843,925,876,960
08_open_circuit_01,2759,2154,Open_circuit,1540,1821,1592,1868
08_open_circuit_01,2759,2154,Open_circuit,1842,996,1889,1037
08_open_circuit_02,2759,2154,Open_circuit,281,1815,314,1861
08_open_circuit_02,2759,2154,Open_circuit,2412,1011,2443,1052
08_open_circuit_02,2759,2154,Open_circuit,2019,1322,2054,1369
08_open_circuit_03,2759,2154,Open_circuit,1669,922,1733,963
08_open_circuit_03,2759,2154,Open_circuit,2290,1237,2330,1283
08_open_circuit_03,2759,2154,Open_circuit,447,1443,503,1479
08_open_circuit_03,2759,2154,Open_circuit,2547,1647,2605,1702
08_open_circuit_03,2759,2154,Open_circuit,2115,607,2158,642
08_open_circuit_04,2759,2154,Open_circuit,695,1206,744,1242
08_open_circuit_04,2759,2154,Open_circuit,378,986,425,1026
08_open_circuit_04,2759,2154,Open_circuit,1671,936,1730,977
08_open_circuit_04,2759,2154,Open_circuit,698,917,749,948
08_open_circuit_04,2759,2154,Open_circuit,2090,1203,2125,1256
08_open_circuit_05,2759,2154,Open_circuit,1261,1340,1289,1390
08_open_circuit_05,2759,2154,Open_circuit,2389,1368,2418,1420
08_open_circuit_05,2759,2154,Open_circuit,2250,1056,2298,1111
08_open_circuit_05,2759,2154,Open_circuit,2166,703,2195,740
08_open_circuit_05,2759,2154,Open_circuit,598,1980,650,2021
08_open_circuit_06,2759,2154,Open_circuit,1939,657,1984,683
08_open_circuit_06,2759,2154,Open_circuit,906,906,950,954
08_open_circuit_06,2759,2154,Open_circuit,379,993,423,1049
08_open_circuit_06,2759,2154,Open_circuit,1838,1301,1884,1337
08_open_circuit_06,2759,2154,Open_circuit,1466,1825,1519,1864
08_open_circuit_07,2759,2154,Open_circuit,1959,1179,1990,1225
08_open_circuit_07,2759,2154,Open_circuit,2250,1049,2290,1106
08_open_circuit_07,2759,2154,Open_circuit,2556,1644,2596,1695
08_open_circuit_07,2759,2154,Open_circuit,870,1211,914,1243
08_open_circuit_07,2759,2154,Open_circuit,1116,993,1154,1033
08_open_circuit_08,2759,2154,Open_circuit,1544,673,1596,720
08_open_circuit_08,2759,2154,Open_circuit,2234,679,2265,731
08_open_circuit_09,2759,2154,Open_circuit,1832,631,1876,660
08_open_circuit_09,2759,2154,Open_circuit,2014,781,2059,823
08_open_circuit_09,2759,2154,Open_circuit,1336,1196,1396,1260
08_open_circuit_09,2759,2154,Open_circuit,1562,1183,1618,1234
08_open_circuit_09,2759,2154,Open_circuit,249,1758,274,1806
08_open_circuit_10,2759,2154,Open_circuit,462,1705,506,1732
08_open_circuit_10,2759,2154,Open_circuit,1951,1175,1993,1223
09_open_circuit_01,2775,2159,Open_circuit,1207,456,1245,500
09_open_circuit_01,2775,2159,Open_circuit,829,952,870,990
09_open_circuit_01,2775,2159,Open_circuit,2210,1048,2252,1090
09_open_circuit_01,2775,2159,Open_circuit,1262,1628,1319,1680
09_open_circuit_01,2775,2159,Open_circuit,1832,1440,1864,1483
09_open_circuit_02,2775,2159,Open_circuit,1663,1017,1699,1056
09_open_circuit_02,2775,2159,Open_circuit,1832,1183,1868,1225
09_open_circuit_02,2775,2159,Open_circuit,2587,975,2633,1055
09_open_circuit_03,2775,2159,Open_circuit,526,809,568,876
09_open_circuit_03,2775,2159,Open_circuit,2211,1040,2251,1083
09_open_circuit_03,2775,2159,Open_circuit,1986,1141,2025,1182
09_open_circuit_03,2775,2159,Open_circuit,2107,1478,2160,1516
09_open_circuit_03,2775,2159,Open_circuit,647,1628,689,1680
09_open_circuit_04,2775,2159,Open_circuit,1136,731,1172,772
09_open_circuit_04,2775,2159,Open_circuit,1412,1126,1455,1171
09_open_circuit_04,2775,2159,Open_circuit,783,1123,825,1162
09_open_circuit_04,2775,2159,Open_circuit,2076,775,2148,829
09_open_circuit_04,2775,2159,Open_circuit,1862,598,1896,642
09_open_circuit_06,2775,2159,Open_circuit,1061,1127,1103,1162
09_open_circuit_06,2775,2159,Open_circuit,2319,570,2364,620
09_open_circuit_06,2775,2159,Open_circuit,1619,1289,1655,1328
09_open_circuit_07,2775,2159,Open_circuit,1826,1476,1876,1521
09_open_circuit_07,2775,2159,Open_circuit,2215,1033,2251,1078
09_open_circuit_07,2775,2159,Open_circuit,2291,1807,2337,1847
09_open_circuit_07,2775,2159,Open_circuit,349,1681,416,1736
09_open_circuit_07,2775,2159,Open_circuit,2412,1565,2454,1600
09_open_circuit_08,2775,2159,Open_circuit,868,566,911,603
09_open_circuit_08,2775,2159,Open_circuit,1628,1127,1673,1162
09_open_circuit_08,2775,2159,Open_circuit,2246,1187,2281,1226
09_open_circuit_08,2775,2159,Open_circuit,1669,555,1710,596
09_open_circuit_08,2775,2159,Open_circuit,1979,185,2023,241
09_open_circuit_09,2775,2159,Open_circuit,1621,262,1674,293
09_open_circuit_09,2775,2159,Open_circuit,1344,487,1386,530
09_open_circuit_09,2775,2159,Open_circuit,772,902,836,938
09_open_circuit_09,2775,2159,Open_circuit,2285,1068,2332,1104
09_open_circuit_09,2775,2159,Open_circuit,1134,1125,1175,1161
09_open_circuit_10,2775,2159,Open_circuit,1275,463,1316,514
09_open_circuit_10,2775,2159,Open_circuit,1625,540,1664,585
09_open_circuit_10,2775,2159,Open_circuit,1130,576,1178,628
09_open_circuit_10,2775,2159,Open_circuit,1309,1493,1366,1534
09_open_circuit_10,2775,2159,Open_circuit,2093,776,2157,828
10_open_circuit_01,2240,2016,Open_circuit,972,470,1033,522
10_open_circuit_01,2240,2016,Open_circuit,1663,570,1752,636
10_open_circuit_02,2240,2016,Open_circuit,1977,536,2040,587
10_open_circuit_02,2240,2016,Open_circuit,2004,1321,2107,1373
10_open_circuit_02,2240,2016,Open_circuit,1805,1110,1885,1164
10_open_circuit_03,2240,2016,Open_circuit,969,434,1037,483
10_open_circuit_03,2240,2016,Open_circuit,1115,683,1194,738
10_open_circuit_04,2240,2016,Open_circuit,1016,1044,1110,1102
10_open_circuit_04,2240,2016,Open_circuit,755,847,839,923
10_open_circuit_04,2240,2016,Open_circuit,1509,946,1603,1021
10_open_circuit_05,2240,2016,Open_circuit,1147,409,1200,485
10_open_circuit_05,2240,2016,Open_circuit,1276,587,1374,647
10_open_circuit_06,2240,2016,Open_circuit,857,1533,929,1618
10_open_circuit_06,2240,2016,Open_circuit,1669,1570,1775,1643
10_open_circuit_06,2240,2016,Open_circuit,1961,1685,2048,1777
11_open_circuit_01,2282,2248,Open_circuit,857,348,924,394
11_open_circuit_01,2282,2248,Open_circuit,1037,539,1103,603
11_open_circuit_01,2282,2248,Open_circuit,597,855,658,911
11_open_circuit_01,2282,2248,Open_circuit,1230,900,1296,956
11_open_circuit_01,2282,2248,Open_circuit,1136,1509,1177,1560
11_open_circuit_02,2282,2248,Open_circuit,1306,339,1396,410
11_open_circuit_02,2282,2248,Open_circuit,671,890,732,952
11_open_circuit_02,2282,2248,Open_circuit,1528,763,1603,837
11_open_circuit_02,2282,2248,Open_circuit,1074,1508,1134,1580
11_open_circuit_02,2282,2248,Open_circuit,1643,1624,1702,1695
11_open_circuit_02,2282,2248,Open_circuit,1787,1925,1852,1996
11_open_circuit_03,2282,2248,Open_circuit,866,375,922,422
11_open_circuit_04,2282,2248,Open_circuit,1060,92,1156,171
11_open_circuit_04,2282,2248,Open_circuit,1195,838,1265,892
11_open_circuit_04,2282,2248,Open_circuit,1511,1085,1575,1131
11_open_circuit_04,2282,2248,Open_circuit,1434,888,1500,940
11_open_circuit_05,2282,2248,Open_circuit,752,123,809,185
11_open_circuit_07,2282,2248,Open_circuit,954,689,1034,734
11_open_circuit_07,2282,2248,Open_circuit,757,859,799,919
11_open_circuit_07,2282,2248,Open_circuit,1190,1198,1239,1247
11_open_circuit_07,2282,2248,Open_circuit,1324,1392,1381,1460
11_open_circuit_08,2282,2248,Open_circuit,1075,735,1140,798
11_open_circuit_08,2282,2248,Open_circuit,1286,658,1352,722
11_open_circuit_08,2282,2248,Open_circuit,763,1106,809,1165
11_open_circuit_08,2282,2248,Open_circuit,1507,1149,1574,1203
11_open_circuit_08,2282,2248,Open_circuit,1089,1365,1134,1418
11_open_circuit_09,2282,2248,Open_circuit,766,355,827,411
11_open_circuit_09,2282,2248,Open_circuit,301,589,393,636
11_open_circuit_09,2282,2248,Open_circuit,429,1288,495,1347
11_open_circuit_09,2282,2248,Open_circuit,575,1359,629,1402
11_open_circuit_09,2282,2248,Open_circuit,1347,1393,1404,1456
11_open_circuit_10,2282,2248,Open_circuit,1074,674,1131,730
11_open_circuit_10,2282,2248,Open_circuit,1501,969,1571,1021
11_open_circuit_10,2282,2248,Open_circuit,929,1107,985,1161
11_open_circuit_10,2282,2248,Open_circuit,570,1621,618,1676
11_open_circuit_10,2282,2248,Open_circuit,1313,1867,1374,1947
12_open_circuit_01,2529,2530,Open_circuit,1708,510,1752,554
12_open_circuit_01,2529,2530,Open_circuit,1697,1444,1756,1483
12_open_circuit_01,2529,2530,Open_circuit,2186,1582,2239,1628
12_open_circuit_01,2529,2530,Open_circuit,1237,1825,1291,1872
12_open_circuit_01,2529,2530,Open_circuit,71,1763,124,1817
12_open_circuit_03,2529,2530,Open_circuit,1726,1829,1782,1879
12_open_circuit_03,2529,2530,Open_circuit,2303,1711,2339,1774
12_open_circuit_03,2529,2530,Open_circuit,1317,1922,1370,1962
12_open_circuit_03,2529,2530,Open_circuit,112,2032,161,2092
12_open_circuit_03,2529,2530,Open_circuit,2343,2127,2392,2171
12_open_circuit_04,2529,2530,Open_circuit,1372,361,1416,410
12_open_circuit_04,2529,2530,Open_circuit,1496,371,1545,418
12_open_circuit_04,2529,2530,Open_circuit,900,733,951,784
12_open_circuit_04,2529,2530,Open_circuit,632,1235,677,1278
12_open_circuit_04,2529,2530,Open_circuit,1379,924,1426,966
12_open_circuit_05,2529,2530,Open_circuit,1864,754,1905,803
12_open_circuit_05,2529,2530,Open_circuit,1695,1083,1742,1128
12_open_circuit_05,2529,2530,Open_circuit,1864,1437,1900,1484
12_open_circuit_05,2529,2530,Open_circuit,1412,1569,1448,1609
12_open_circuit_05,2529,2530,Open_circuit,835,1824,884,1870
12_open_circuit_07,2529,2530,Open_circuit,1857,689,1908,740
12_open_circuit_07,2529,2530,Open_circuit,1806,1487,1855,1538
12_open_circuit_07,2529,2530,Open_circuit,2263,1598,2305,1653
12_open_circuit_07,2529,2530,Open_circuit,2376,1965,2416,2039
12_open_circuit_07,2529,2530,Open_circuit,1095,2154,1152,2191
12_open_circuit_08,2529,2530,Open_circuit,1551,396,1600,449
12_open_circuit_08,2529,2530,Open_circuit,1966,845,2007,903
12_open_circuit_08,2529,2530,Open_circuit,1910,138,1972,184
12_open_circuit_08,2529,2530,Open_circuit,1397,1563,1448,1618
12_open_circuit_08,2529,2530,Open_circuit,1322,1118,1374,1163
12_open_circuit_09,2529,2530,Open_circuit,1452,418,1498,476
12_open_circuit_09,2529,2530,Open_circuit,1969,1443,2013,1493
12_open_circuit_09,2529,2530,Open_circuit,583,1537,641,1581
12_open_circuit_09,2529,2530,Open_circuit,639,685,694,731
12_open_circuit_09,2529,2530,Open_circuit,855,2014,904,2054
12_open_circuit_10,2529,2530,Open_circuit,1708,819,1747,866
12_open_circuit_10,2529,2530,Open_circuit,2076,1240,2134,1286
12_open_circuit_10,2529,2530,Open_circuit,661,1615,704,1661
12_open_circuit_10,2529,2530,Open_circuit,119,1858,155,1917
12_open_circuit_10,2529,2530,Open_circuit,515,1347,573,1391
01_short_01,3034,1586,Short,762,1135,827,1201
01_short_01,3034,1586,Short,538,936,608,998
01_short_01,3034,1586,Short,2299,1100,2354,1143
01_short_02,3034,1586,Short,1010,1371,1065,1417
01_short_02,3034,1586,Short,2559,556,2618,596
01_short_06,3034,1586,Short,754,1336,822,1402
01_short_06,3034,1586,Short,2064,1375,2135,1444
01_short_06,3034,1586,Short,445,923,517,991
01_short_07,3034,1586,Short,704,1114,770,1168
01_short_07,3034,1586,Short,1645,524,1744,616
01_short_07,3034,1586,Short,1598,1226,1687,1311
01_short_08,3034,1586,Short,934,1250,993,1314
01_short_08,3034,1586,Short,2352,1165,2421,1233
01_short_08,3034,1586,Short,2666,1111,2771,1209
01_short_09,3034,1586,Short,920,1254,996,1318
01_short_10,3034,1586,Short,541,913,599,966
01_short_10,3034,1586,Short,783,1200,840,1260
01_short_10,3034,1586,Short,619,885,655,932
01_short_11,3034,1586,Short,1104,1252,1165,1320
01_short_11,3034,1586,Short,2120,927,2206,1026
01_short_11,3034,1586,Short,2677,1064,2761,1147
01_short_11,3034,1586,Short,615,881,658,929
01_short_12,3034,1586,Short,747,1370,802,1433
01_short_12,3034,1586,Short,1496,1321,1546,1382
01_short_12,3034,1586,Short,602,878,656,932
01_short_14,3034,1586,Short,611,873,658,932
01_short_14,3034,1586,Short,2252,1281,2326,1348
01_short_14,3034,1586,Short,2405,1172,2490,1257
01_short_15,3034,1586,Short,696,1112,737,1166
01_short_15,3034,1586,Short,1627,1226,1695,1295
01_short_15,3034,1586,Short,607,879,658,931
01_short_15,3034,1586,Short,444,938,500,984
01_short_16,3034,1586,Short,1633,462,1723,563
01_short_16,3034,1586,Short,2674,1057,2743,1151
01_short_16,3034,1586,Short,2144,692,2200,774
01_short_18,3034,1586,Short,805,1166,870,1223
01_short_18,3034,1586,Short,817,1317,875,1371
01_short_18,3034,1586,Short,1987,1204,2059,1262
01_short_18,3034,1586,Short,619,887,653,926
01_short_19,3034,1586,Short,979,1293,1029,1340
01_short_19,3034,1586,Short,1336,1345,1389,1400
01_short_19,3034,1586,Short,2712,1111,2791,1209
01_short_19,3034,1586,Short,614,877,655,929
01_short_20,3034,1586,Short,720,1114,773,1172
01_short_20,3034,1586,Short,608,880,661,938
04_short_03,3056,2464,Short,974,2023,1126,2196
04_short_04,3056,2464,Short,703,1824,827,1923
04_short_04,3056,2464,Short,2045,1654,2118,1748
04_short_04,3056,2464,Short,241,2110,335,2198
04_short_05,3056,2464,Short,1742,781,1839,881
